Белгород;Belgorod;4
Иваново;Ivanovo;5
Калуга;Kaluga;6
Кострома;Kostroma;7
Курск;Kursk;8
Липецк;Lipetsk;9
Рязань;Ryazan;11
Смоленск;Smolensk;12
Тамбов;Tambov;13
Тверь;Tver;14
Тула;Tula;15
Петрозаводск;Petrozavodsk;18
Сыктывкар;Syktyvkar;19
Архангельск;Arkhangelsk;20
Вологда;Vologda;21
Калининград;Kaliningrad;22
Мурманск;Murmansk;23
Великий Новгород;Veliky Novgorod;24
Псков;Pskov;25
Москва;Moscow;213
Санкт-Петербург;Saint-Petersburg;2
Махачкала;Makhachkala;28
Нальчик;Nalchik;30
Владикавказ;Vladikavkaz;33
Краснодар;Krasnodar;35
Ставрополь;Stavropol;36
Астрахань;Astrakhan;37
Волгоград;Volgograd;38
Ростов-на-Дону;Rostov-on-Don;39
Йошкар-Ола;Yoshkar-Ola;41
Саранск;Saransk;42
Казань;Kazan;43
Ижевск;Izhevsk;44
Чебоксары;Cheboksary;45
Киров;Kirov;46
Нижний Новгород;Nizhny Novgorod;47
Оренбург;Orenburg;48
Пенза;Penza;49
Самара;Samara;51
Тюмень;Tyumen;55
Челябинск;Chelyabinsk;56
Ханты-Мансийск;Khanty-Mansiysk;57
Салехард;Salekhard;58
Красноярск;Krasnoyarsk;62
Иркутск;Irkutsk;63
Кемерово;Kemerovo;64
Новосибирск;Novosibirsk;65
Омск;Omsk;66
Томск;Tomsk;67
Чита;Chita;68
Якутск;Yakutsk;74
Владивосток;Vladivostok;75
Хабаровск;Khabarovsk;76
Благовещенск;Blagoveshchensk;77
Петропавловск-Камчатский;Petropavlovsk-Kamchatsky;78
Магадан;Magadan;79
Южно-Сахалинск;Yuzhno-Sakhalinsk;80
Донецк;Donetsk;142
Симферополь;Simferopol;146
Уфа;Ufa;172
Брянск;Bryansk;191
Воронеж;Voronezh;193
Саратов;Saratov;194
Ульяновск;Ulyanovsk;195
Барнаул;Barnaul;197
Улан-Удэ;Ulan-Ude;198
Долгопрудный;Dolgoprudny;214
Дубна;Dubna;215
Пущино;Pushchino;217
Черноголовка;Chernogolovka;219
Магнитогорск;Magnitogorsk;235
Набережные Челны;Naberezhnye Chelny;236
Новокузнецк;Novokuznetsk;237
Новочеркасск;Novocherkassk;238
Сочи;Sochi;239
Тольятти;Tolyatti;240
Севастополь;Sevastopol;959
Обнинск;Obninsk;967
Череповец;Cherepovets;968
Выборг;Vyborg;969
Новороссийск;Novorossiysk;970
Таганрог;Taganrog;971
Дзержинск;Dzerzhinsk;972
Сургут;Surgut;973
Находка;Nakhodka;974
Бийск;Biysk;975
Братск;Bratsk;976
Туапсе;Tuapse;1058
Нижневартовск;Nizhnevartovsk;1091
Назрань;Nazran;1092
Майкоп;Maykop;1093
Элиста;Elista;1094
Абакан;Abakan;1095
Черкесск;Cherkessk;1104
Грозный;Grozny;1106
Анапа;Anapa;1107
Армавир;Armavir;10257
Рузаевка;Ruzaevka;10301
Димитровград;Dimitrovgrad;10383
Губкин;Gubkin;10646
Новый Оскол;Novy Oskol;10647
Старый Оскол;Stary Oskol;10649
Дятьково;Dyatkovo;10651
Жуковка;Zhukovka;10652
Клинцы;Klintsy;10653
Новозыбков;Novozybkov;10654
Карачев;Karachev;10655
Александров;Alexandrov;10656
Вязники;Vyazniki;10659
Гороховец;Gorokhovets;10660
Гусь-Хрустальный;Gus-Khrustalny;10661
Камешково;Kameshkovo;10662
Киржач;Kirzhach;10663
Ковров;Kovrov;10664
Кольчугино;Kolchugino;10665
Меленки;Melenki;10667
Собинка;Sobinka;10670
Суздаль;Suzdal;10671
Бобров;Bobrov;10673
Богучар;Boguchar;10674
Борисоглебск;Borisoglebsk;10675
Бутурлиновка;Buturlinovka;10676
Калач;Kalach;10677
Лиски;Liski;10678
Острогожск;Ostrogozhsk;10679
Павловск;Pavlovsk;10680
Россошь;Rossosh;10681
Семилуки;Semiluki;10682
Эртиль;Ertil;10683
Вичуга;Vichuga;10688
Кинешма;Kineshma;10689
Кохма;Kokhma;10690
Шуя;Shuya;10691
Юрьевец;Yuryevets;10692
Козельск;Kozelsk;10695
Кондрово;Kondrovo;10696
Малоярославец;Maloyaroslavets;10697
Боровск;Borovsk;10698
Волгореченск;Volgorechensk;10701
Нерехта;Nerekhta;10702
Галич;Galich;10703
Шарья;Sharya;10704
Рыльск;Rylsk;10707
Обоянь;Oboyan;10709
Железногорск;Zheleznogorsk;10710
Фатеж;Fatezh;10711
Чаплыгин;Chaplygin;10714
Балашиха;Balashikha;10716
Бронницы;Bronnitsy;10717
Волоколамск;Volokolamsk;10721
Воскресенск;Voskresensk;10722
Дмитров;Dmitrov;10723
Домодедово;Domodedovo;10725
Егорьевск;Yegoryevsk;10727
Зарайск;Zaraysk;10728
Истра;Istra;10731
Кашира;Kashira;10732
Коломна;Kolomna;10734
Красногорск;Krasnogorsk;10735
Луховицы;Lukhovitsy;10737
Люберцы;Lyubertsy;10738
Можайск;Mozhaisk;10739
Мытищи;Mytishchi;10740
Наро-Фоминск;Naro-Fominsk;10741
Ногинск;Noginsk;10742
Одинцово;Odintsovo;10743
Орехово-Зуево;Orekhovo-Zuevo;10745
Павловский Посад;Pavlovsky Posad;10746
Подольск;Podolsk;10747
Пушкино;Pushkino;10748
Раменское;Ramenskoye;10750
Руза;Ruza;10751
Сергиев Посад;Sergiev Posad;10752
Серпухов;Serpukhov;10754
Солнечногорск;Solnechnogorsk;10755
Ступино;Stupino;10756
Талдом;Taldom;10757
Химки;Khimki;10758
Чехов;Chekhov;10761
Шатура;Shatura;10762
Щелково;Shchelkovo;10765
Болхов;Bolkhov;10768
Ливны;Livny;10769
Мценск;Mtsensk;10770
Новосиль;Novosil;10771
Касимов;Kasimov;10773
Ряжск;Ryazhsk;10775
Сасово;Sasovo;10777
Скопин;Skopin;10778
Спас-Клепики;Spas-Klepiki;10779
Шацк;Shatsk;10780
Велиж;Velizh;10781
Вязьма;Vyazma;10782
Гагарин;Gagarin;10783
Демидов;Demidov;10784
Десногорск;Desnogorsk;10785
Дорогобуж;Dorogobuzh;10786
Ельня;Yelnya;10788
Починок;Pochinok;10791
Рославль;Roslavl;10792
Рудня;Rudnya;10793
Сафоново;Safonovo;10794
Сычевка;Sychevka;10796
Ярцево;Yartsevo;10801
Мичуринск;Michurinsk;10803
Бежецк;Bezhetsk;10804
Бологое;Bologoe;10805
Весьегонск;Vesyegonsk;10806
Западная Двина;Western Dvina;10808
Калязин;Kalyazin;10809
Кашин;Kashin;10810
Кимры;Kimry;10811
Конаково;Konakovo;10812
Лихославль;Likhoslavl;10814
Нелидово;Nelidovo;10816
Осташков;Ostashkov;10818
Ржев;Rzhev;10820
Торжок;Torzhok;10822
Торопец;Toropets;10823
Удомля;Udomlya;10824
Алексин;Aleksin;10825
Венев;Venev;10826
Донской;Donskoy;10827
Ефремов;Efremov;10828
Кимовск;Kimovsk;10829
Новомосковск;Novomoskovsk;10830
Суворов;Suvorov;10831
Щекино;Shchekino;10834
Данилов;Danilov;10835
Мышкин;Myshkin;10836
Переславль-Залесский;Pereslavl-Zalessky;10837
Ростов;Rostov;10838
Рыбинск;Rybinsk;10839
Углич;Uglich;10840
Вельск;Velsk;10843
Каргополь;Kargopol;10844
Коряжма;Koryazhma;10845
Котлас;Kotlas;10846
Онега;Onega;10847
Северодвинск;Severodvinsk;10849
Шенкурск;Shenkursk;10851
Великий Устюг;Veliky Ustyug;10854
Тотьма;Totma;10855
Устюжна;Ustyuzhna;10856
Балтийск;Baltiysk;10858
Светлогорск;Svetlogorsk;10859
Советск;Sovetsk;10860
Бокситогорск;Boksitogorsk;10861
Волосово;Volosovo;10863
Волхов;Volkhov;10864
Всеволожск;Vsevolozhsk;10865
Гатчина;Gatchina;10867
Кингисепп;Kingisepp;10870
Кириши;Kirishi;10871
Кировск;Kirovsk;10872
Лодейное Поле;Lodeynoye Pole;10874
Подпорожье;Podporozhye;10881
Приозерск;Priozersk;10883
Сосновый Бор;Sosnovy Bor;10891
Тихвин;Tikhvin;10892
Тосно;Tosno;10893
Апатиты;Apatity;10894
Кандалакша;Kandalaksha;10895
Мончегорск;Monchegorsk;10896
Североморск;Severomorsk;10898
Снежногорск;Snezhnogorsk;10899
Нарьян-Мар;Naryan-Mar;10902
Боровичи;Borovichi;10906
Валдай;Valdai;10907
Малая Вишера;Malaya Vishera;10909
Окуловка;Okulovka;10912
Пестово;Pestovo;10920
Сольцы;Soltsy;10922
Старая Русса;Staraya Russa;10923
Новосокольники;Novosokolniki;10930
Печоры;Pechory;10931
Себеж;Sebezh;10932
Кондопога;Kondopoga;10934
Костомукша;Kostomuksha;10935
Сегежа;Segezha;10936
Сортавала;Sortavala;10937
Беломорск;Belomorsk;10938
Воркута;Vorkuta;10940
Инта;Inta;10941
Печора;Pechora;10942
Сосногорск;Sosnogorsk;10943
Усинск;Usinsk;10944
Ухта;Ukhta;10945
Знаменск;Znamensk;10947
Волжский;Volzhsky;10951
Дубовка;Dubovka;10954
Жирновск;Zhirnovsk;10956
Калач-на-Дону;Kalach-on-Don;10958
Камышин;Kamyshin;10959
Котельниково;Kotelnikovo;10961
Котово;Kotovo;10962
Ленинск;Leninsk;10964
Михайловка;Mikhailovka;10965
Николаевск;Nikolaevsk;10967
Новоаннинский;Novoanninsky;10968
Палласовка;Pallasovka;10972
Серафимович;Serafimovich;10977
Суровикино;Surovikino;10980
Урюпинск;Uryupinsk;10981
Фролово;Frolovo;10982
Апшеронск;Apsheronsk;10986
Белореченск;Belorechensk;10988
Геленджик;Gelendzhik;10990
Крымск;Krymsk;10997
Приморско-Ахтарск;Primorsko-Akhtarsk;11000
Тихорецк;Tikhoretsk;11002
Адыгейск;Adygeisk;11005
Дербент;Derbent;11007
Каспийск;Kaspiysk;11008
Кизляр;Kizlyar;11009
Хасавюрт;Khasavyurt;11011
Карачаевск;Karachaevsk;11017
Теберда;Teberda;11018
Усть-Джегута;Ust-Dzheguta;11019
Моздок;Mozdok;11022
Беслан;Beslan;11023
Аргун;Argun;11025